{
  "textures": {
    "particle": "block/bell_bottom",
    "bar": "block/bell_bar"
  },
  "elements": [
    {
      "from": [7, 13, 7],
      "to": [9, 16, 9],
      "faces": {
        "north": {"uv": [9, 2, 11, 5], "texture": "#bar"},
        "east": {"uv": [9, 2, 11, 5], "texture": "#bar"},
        "south": {"uv": [9, 2, 11, 5], "texture": "#bar"},
        "west": {"uv": [9, 2, 11, 5], "texture": "#bar"},
        "up": {"uv": [9, 2, 11, 4], "texture": "#bar", "cullface": "up"}
      }
    }
  ]
}