{
    "textures": {
        "1": "block/chain_command_block_conditional",
        "2": "block/chain_command_block_front",
        "3": "block/chain_command_block_back",
        "4": "block/command_block_conditional_back",
        "particle": "block/chain_command_block_back"
    },
    "elements": [
        {
            "from": [0, 0, 0],
            "to": [16, 16, 16],
            "faces": {
                "north": {"uv": [0, 0, 16, 16], "texture": "#1"},
                "east": {"uv": [0, 0, 16, 16], "texture": "#1"},
                "south": {"uv": [0, 0, 16, 16], "texture": "#1"},
                "west": {"uv": [0, 0, 16, 16], "texture": "#1"},
                "up": {"uv": [0, 0, 16, 16], "texture": "#2"},
                "down": {"uv": [0, 0, 16, 16], "texture": "#3"}
            }
        },
        {
            "from": [7, 16, 4],
            "to": [9, 18, 5],
            "rotation": {"angle": 0, "axis": "y", "origin": [15, 24, 12]},
            "faces": {
                "north": {"uv": [7, 11, 9, 12], "texture": "#2"},
                "east": {"uv": [7, 11, 9, 12], "texture": "#2"},
                "west": {"uv": [7, 11, 9, 12], "texture": "#2"},
                "up": {"uv": [7, 11, 9, 12], "texture": "#2"}
            }
        },
        {
            "from": [7, 16, 11],
            "to": [9, 18, 12],
            "rotation": {"angle": 0, "axis": "y", "origin": [15, 24, 19]},
            "faces": {
                "east": {"uv": [7, 11, 9, 12], "texture": "#2"},
                "south": {"uv": [7, 11, 9, 12], "texture": "#2"},
                "west": {"uv": [7, 11, 9, 12], "texture": "#2"},
                "up": {"uv": [7, 4, 9, 5], "texture": "#2"}
            }
        },
        {
            "from": [6, 16, 5],
            "to": [10, 18, 6],
            "rotation": {"angle": 0, "axis": "y", "origin": [14, 24, 13]},
            "faces": {
                "north": {"uv": [7, 11, 9, 12], "texture": "#2"},
                "east": {"uv": [7, 11, 9, 12], "texture": "#2"},
                "west": {"uv": [7, 11, 9, 12], "texture": "#2"},
                "up": {"uv": [6, 10, 10, 11], "texture": "#2"}
            }
        },
        {
            "from": [6, 16, 10],
            "to": [10, 18, 11],
            "rotation": {"angle": 0, "axis": "y", "origin": [14, 24, 18]},
            "faces": {
                "east": {"uv": [7, 11, 9, 12], "texture": "#2"},
                "south": {"uv": [7, 11, 9, 12], "texture": "#2"},
                "west": {"uv": [7, 11, 9, 12], "texture": "#2"},
                "up": {"uv": [6, 5, 10, 6], "texture": "#2"}
            }
        },
        {
            "from": [4, 16, 7],
            "to": [12, 18, 9],
            "rotation": {"angle": 0, "axis": "y", "origin": [12, 24, 15]},
            "faces": {
                "north": {"uv": [7, 11, 9, 12], "texture": "#2"},
                "east": {"uv": [7, 11, 9, 12], "texture": "#2"},
                "south": {"uv": [7, 11, 9, 12], "texture": "#2"},
                "west": {"uv": [7, 11, 9, 12], "texture": "#2"},
                "up": {"uv": [4, 7, 12, 9], "texture": "#2"}
            }
        },
        {
            "from": [5, 16, 6],
            "to": [11, 18, 7],
            "rotation": {"angle": 0, "axis": "y", "origin": [13, 24, 14]},
            "faces": {
                "north": {"uv": [7, 11, 9, 12], "texture": "#2"},
                "east": {"uv": [7, 11, 9, 12], "texture": "#2"},
                "west": {"uv": [7, 11, 9, 12], "texture": "#2"},
                "up": {"uv": [5, 9, 11, 10], "texture": "#2"}
            }
        },
        {
            "from": [5, 16, 9],
            "to": [11, 18, 10],
            "rotation": {"angle": 0, "axis": "y", "origin": [13, 24, 17]},
            "faces": {
                "east": {"uv": [7, 11, 9, 12], "texture": "#2"},
                "south": {"uv": [7, 11, 9, 12], "texture": "#2"},
                "west": {"uv": [7, 11, 9, 12], "texture": "#2"},
                "up": {"uv": [5, 6, 11, 7], "texture": "#2"}
            }
        },
        {
            "from": [4, -2, 4],
            "to": [12, 0, 12],
            "rotation": {"angle": 0, "axis": "y", "origin": [12, 6, 12]},
            "faces": {
                "north": {"uv": [4, 3, 12, 4], "texture": "#4"},
                "east": {"uv": [4, 2, 12, 3], "texture": "#4"},
                "south": {"uv": [4, 12, 12, 13], "texture": "#4"},
                "west": {"uv": [4, 13, 12, 14], "texture": "#4"},
                "down": {"uv": [4, 4, 12, 12], "texture": "#4"}
            }
        }
    ]
}