{
  "ambientocclusion": false,
  "textures": {
    "particle": "block/comparator_on",
    "top": "block/comparator_on",
    "unlit": "block/comparator_subtract_torch",
    "lit": "block/redstone_torch"
  },
  "elements": [
    {
      "from": [0, 0, 0],
      "to": [16, 2, 16],
      "faces": {
        "north": {"uv": [0, 16, 16, 14], "texture": "#top", "cullface": "north"},
        "east": {"uv": [0, 14, 16, 16], "texture": "#top", "cullface": "east"},
        "south": {"uv": [0, 14, 16, 16], "texture": "#top", "cullface": "south"},
        "west": {"uv": [0, 14, 16, 16], "texture": "#top", "cullface": "west"},
        "up": {"uv": [0, 0, 16, 16], "texture": "#top"},
        "down": {"uv": [0, 16, 16, 0], "texture": "#top", "cullface": "down"}
      }
    },
    {
      "from": [4, 2, 11],
      "to": [6, 7, 13],
      "shade": false,
      "faces": {
        "north": {"uv": [7, 6, 9, 11], "texture": "#lit"},
        "east": {"uv": [7, 6, 9, 11], "texture": "#lit"},
        "south": {"uv": [7, 6, 9, 11], "texture": "#lit"},
        "west": {"uv": [7, 6, 9, 11], "texture": "#lit"},
        "up": {"uv": [7, 6, 9, 8], "texture": "#lit"}
      }
    },
    {
      "from": [7, 2, 2],
      "to": [9, 5, 4],
      "faces": {
        "north": {"uv": [7, 6, 9, 9], "texture": "#unlit"},
        "east": {"uv": [7, 6, 9, 9], "texture": "#unlit"},
        "south": {"uv": [7, 6, 9, 9], "texture": "#unlit"},
        "west": {"uv": [7, 6, 9, 9], "texture": "#unlit"},
        "up": {"uv": [7, 6, 9, 8], "texture": "#unlit"}
      }
    },
    {
      "from": [10, 2, 11],
      "to": [12, 7, 13],
      "shade": false,
      "faces": {
        "north": {"uv": [7, 6, 9, 11], "texture": "#lit"},
        "east": {"uv": [7, 6, 9, 11], "texture": "#lit"},
        "south": {"uv": [7, 6, 9, 11], "texture": "#lit"},
        "west": {"uv": [7, 6, 9, 11], "texture": "#lit"},
        "up": {"uv": [7, 6, 9, 8], "texture": "#lit"}
      }
    },
    {
      "from": [3.5, 1.5, 10.5],
      "to": [6.5, 4.5, 13.5],
      "shade": false,
      "faces": {
        "up": {"uv": [6, 5, 7, 6], "texture": "#lit"}
      }
    },
    {
      "from": [3.5, 7.5, 10.5],
      "to": [6.5, 10.5, 13.5],
      "shade": false,
      "faces": {
        "down": {"uv": [6, 5, 7, 6], "texture": "#lit"}
      }
    },
    {
      "from": [3.5, 4.5, 7.5],
      "to": [6.5, 7.5, 10.5],
      "shade": false,
      "faces": {
        "south": {"uv": [6, 5, 7, 6], "texture": "#lit"}
      }
    },
    {
      "from": [3.5, 4.5, 13.5],
      "to": [6.5, 7.5, 16.5],
      "shade": false,
      "faces": {
        "north": {"uv": [6, 5, 7, 6], "texture": "#lit"}
      }
    },
    {
      "from": [0.5, 4.5, 10.5],
      "to": [3.5, 7.5, 13.5],
      "shade": false,
      "faces": {
        "east": {"uv": [6, 5, 7, 6], "texture": "#lit"}
      }
    },
    {
      "from": [6.5, 4.5, 10.5],
      "to": [9.5, 7.5, 13.5],
      "shade": false,
      "faces": {
        "west": {"uv": [6, 5, 7, 6], "texture": "#lit"}
      }
    },
    {
      "from": [9.5, 1.5, 10.5],
      "to": [12.5, 4.5, 13.5],
      "shade": false,
      "faces": {
        "up": {"uv": [6, 5, 7, 6], "texture": "#lit"}
      }
    },
    {
      "from": [9.5, 7.5, 10.5],
      "to": [12.5, 10.5, 13.5],
      "shade": false,
      "faces": {
        "down": {"uv": [6, 5, 7, 6], "texture": "#lit"}
      }
    },
    {
      "from": [9.5, 4.5, 7.5],
      "to": [12.5, 7.5, 10.5],
      "shade": false,
      "faces": {
        "south": {"uv": [6, 5, 7, 6], "texture": "#lit"}
      }
    },
    {
      "from": [9.5, 4.5, 13.5],
      "to": [12.5, 7.5, 16.5],
      "shade": false,
      "faces": {
        "north": {"uv": [6, 5, 7, 6], "texture": "#lit"}
      }
    },
    {
      "from": [6.5, 4.5, 10.5],
      "to": [9.5, 7.5, 13.5],
      "shade": false,
      "faces": {
        "east": {"uv": [6, 5, 7, 6], "texture": "#lit"}
      }
    },
    {
      "from": [12.5, 4.5, 10.5],
      "to": [15.5, 7.5, 13.5],
      "shade": false,
      "faces": {
        "west": {"uv": [6, 5, 7, 6], "texture": "#lit"}
      }
    },
    {
      "from": [7, -2, 2],
      "to": [9, 0, 4],
      "rotation": {"angle": 0, "axis": "y", "origin": [7, -2, 2]},
      "faces": {
        "north": {"uv": [7, 6, 9, 8], "texture": "#unlit"},
        "east": {"uv": [7, 6, 9, 8], "texture": "#unlit"},
        "south": {"uv": [7, 6, 9, 8], "texture": "#unlit"},
        "west": {"uv": [7, 6, 9, 8], "texture": "#unlit"},
        "down": {"uv": [7, 6, 9, 8], "texture": "#unlit"}
      }
    },
    {
      "from": [4, -2, 11],
      "to": [6, 0, 13],
      "rotation": {"angle": 0, "axis": "y", "origin": [4, -2, 11]},
      "faces": {
        "north": {"uv": [6, 5, 7, 6], "texture": "#lit"},
        "east": {"uv": [6, 5, 7, 6], "texture": "#lit"},
        "south": {"uv": [6, 5, 7, 6], "texture": "#lit"},
        "west": {"uv": [6, 5, 7, 6], "texture": "#lit"},
        "down": {"uv": [6, 5, 7, 6], "texture": "#lit"}
      }
    },
    {
      "from": [10, -2, 11],
      "to": [12, 0, 13],
      "rotation": {"angle": 0, "axis": "y", "origin": [10, -2, 11]},
      "faces": {
        "north": {"uv": [6, 5, 7, 6], "texture": "#lit"},
        "east": {"uv": [6, 5, 7, 6], "texture": "#lit"},
        "south": {"uv": [6, 5, 7, 6], "texture": "#lit"},
        "west": {"uv": [6, 5, 7, 6], "texture": "#lit"},
        "down": {"uv": [6, 5, 7, 6], "texture": "#lit"}
      }
    }
  ]
}