{
  "ambientocclusion": false,
  "textures": {
    "rail": "block/detector_rail_on",
    "particle": "block/detector_rail_on"
  },
  "elements": [
    {
      "from": [12, 8.8, -3.3],
      "to": [14, 9.8, 20],
      "rotation": {"angle": -45, "axis": "x", "origin": [8, 9, 8]},
      "faces": {
        "north": {"uv": [14, 0, 12, 1], "texture": "#rail", "cullface": "north"},
        "east": {"uv": [13, 0, 14, 16], "rotation": 90, "texture": "#rail"},
        "south": {"uv": [12, 15, 14, 16], "texture": "#rail", "cullface": "south"},
        "west": {"uv": [12, 0, 13, 16], "rotation": 90, "texture": "#rail"},
        "up": {"uv": [12, 0, 14, 16], "texture": "#rail"},
        "down": {"uv": [12, 0, 14, 16], "texture": "#rail"}
      }
    },
    {
      "from": [2, 8.8, -3.3],
      "to": [4, 9.8, 20],
      "rotation": {"angle": -45, "axis": "x", "origin": [8, 9, 8]},
      "faces": {
        "north": {"uv": [4, 0, 2, 1], "texture": "#rail", "cullface": "north"},
        "east": {"uv": [3, 0, 4, 16], "rotation": 90, "texture": "#rail"},
        "south": {"uv": [2, 15, 4, 16], "texture": "#rail", "cullface": "south"},
        "west": {"uv": [2, 0, 3, 16], "rotation": 90, "texture": "#rail"},
        "up": {"uv": [2, 0, 4, 16], "texture": "#rail"},
        "down": {"uv": [2, 0, 4, 16], "texture": "#rail"}
      }
    },
    {
      "from": [1, 8.8, -2],
      "to": [15, 9.3, 1],
      "rotation": {"angle": -45, "axis": "x", "origin": [8, 9, 8]},
      "faces": {
        "north": {"uv": [15, 14, 1, 15], "texture": "#rail", "cullface": "north"},
        "east": {"uv": [1, 15, 2, 13], "rotation": 90, "texture": "#rail"},
        "south": {"uv": [1, 13, 15, 14], "texture": "#rail", "cullface": "south"},
        "west": {"uv": [14, 13, 15, 15], "rotation": 90, "texture": "#rail"},
        "up": {"uv": [1, 15, 15, 13], "texture": "#rail"},
        "down": {"uv": [1, 13, 15, 15], "texture": "#rail"}
      }
    },
    {
      "from": [1, 8.8, 3.7],
      "to": [15, 9.3, 6.7],
      "rotation": {"angle": -45, "axis": "x", "origin": [8, 9, 8]},
      "faces": {
        "north": {"uv": [15, 10, 1, 11], "texture": "#rail", "cullface": "north"},
        "east": {"uv": [1, 11, 2, 9], "rotation": 90, "texture": "#rail"},
        "south": {"uv": [1, 5, 15, 6], "texture": "#rail", "cullface": "south"},
        "west": {"uv": [14, 9, 15, 11], "rotation": 90, "texture": "#rail"},
        "up": {"uv": [1, 11, 15, 9], "texture": "#rail"},
        "down": {"uv": [1, 9, 15, 11], "texture": "#rail"}
      }
    },
    {
      "from": [1, 8.8, 9.3],
      "to": [15, 9.3, 12.3],
      "rotation": {"angle": -45, "axis": "x", "origin": [8, 9, 8]},
      "faces": {
        "north": {"uv": [15, 6, 1, 7], "texture": "#rail", "cullface": "north"},
        "east": {"uv": [1, 7, 2, 5], "rotation": 90, "texture": "#rail"},
        "south": {"uv": [1, 5, 15, 6], "texture": "#rail", "cullface": "south"},
        "west": {"uv": [14, 5, 15, 7], "rotation": 90, "texture": "#rail"},
        "up": {"uv": [1, 7, 15, 5], "texture": "#rail"},
        "down": {"uv": [1, 5, 15, 7], "texture": "#rail"}
      }
    },
    {
      "from": [1, 8.8, 15],
      "to": [15, 9.3, 18],
      "rotation": {"angle": -45, "axis": "x", "origin": [8, 9, 8]},
      "faces": {
        "north": {"uv": [15, 2, 1, 3], "texture": "#rail", "cullface": "north"},
        "east": {"uv": [1, 3, 2, 1], "rotation": 90, "texture": "#rail"},
        "south": {"uv": [1, 1, 15, 2], "texture": "#rail", "cullface": "south"},
        "west": {"uv": [14, 1, 15, 3], "rotation": 90, "texture": "#rail"},
        "up": {"uv": [1, 3, 15, 1], "texture": "#rail"},
        "down": {"uv": [1, 1, 15, 3], "texture": "#rail"}
      }
    },
    {
      "from": [-1, -5, 5.5],
      "to": [0, 17, 6.5],
      "rotation": {"angle": 45, "axis": "x", "origin": [0.5, 0.5, 0.5]},
      "faces": {
        "north": {"uv": [2, 0, 3, 16], "texture": "#rail"},
        "east": {"uv": [2, 0, 3, 15.999], "texture": "#rail"},
        "south": {"uv": [2, 0, 3, 16], "texture": "#rail"},
        "west": {"uv": [2, 0, 3, 15.999], "texture": "#rail"},
        "up": {"uv": [3, 1, 4, 1.999], "texture": "#rail"},
        "down": {"uv": [3, 1, 4, 2], "texture": "#rail"}
      }
    },
    {
      "from": [-1, -4, 3.5],
      "to": [0, 18, 4.5],
      "rotation": {"angle": 45, "axis": "x", "origin": [0.5, 0.5, 0.5]},
      "faces": {
        "north": {"uv": [2, 0, 3, 16], "texture": "#rail"},
        "east": {"uv": [2, 0, 3, 15.999], "texture": "#rail"},
        "south": {"uv": [13, 0, 14, 16], "texture": "#rail"},
        "west": {"uv": [13, 0, 14, 15.999], "texture": "#rail"},
        "up": {"uv": [3, 1, 4, 2], "texture": "#rail"},
        "down": {"uv": [12, 1, 13, 1.999], "texture": "#rail"}
      }
    },
    {
      "from": [-1, -5, 4.5],
      "to": [0, 17, 5.5],
      "rotation": {"angle": 45, "axis": "x", "origin": [0.5, 0.5, 0.5]},
      "faces": {
        "north": {"uv": [0, 0, 1, 16], "texture": "#rail"},
        "east": {"uv": [0, 0, 1, 15.999], "texture": "#rail"},
        "west": {"uv": [4, 0, 5, 15.999], "texture": "#rail"},
        "up": {"uv": [0, 0, 1, 0.999], "texture": "#rail"}
      }
    },
    {
      "from": [-1.5, 7.8, 15],
      "to": [0, 11.3, 16],
      "faces": {
        "north": {"uv": [3, 1, 4, 2], "texture": "#rail"},
        "east": {"uv": [3, 1, 4, 2], "texture": "#rail"},
        "south": {"uv": [3, 1, 4, 2], "texture": "#rail"},
        "west": {"uv": [3, 1, 4, 2], "texture": "#rail"},
        "up": {"uv": [3, 1, 4, 2], "texture": "#rail"},
        "down": {"uv": [3, 1, 4, 2], "texture": "#rail"}
      }
    },
    {
      "from": [-1.5, -8.2, 0],
      "to": [0, -4.7, 1],
      "faces": {
        "north": {"uv": [3, 1, 4, 2], "texture": "#rail"},
        "east": {"uv": [3, 1, 4, 2], "texture": "#rail"},
        "south": {"uv": [3, 1, 4, 2], "texture": "#rail"},
        "west": {"uv": [3, 1, 4, 2], "texture": "#rail"},
        "up": {"uv": [3, 1, 4, 2], "texture": "#rail"},
        "down": {"uv": [3, 1, 4, 2], "texture": "#rail"}
      }
    },
    {
      "from": [16, -5, 5.5],
      "to": [17, 17, 6.5],
      "rotation": {"angle": 45, "axis": "x", "origin": [17.5, 0.5, 0.5]},
      "faces": {
        "north": {"uv": [2, 0, 3, 16], "texture": "#rail"},
        "east": {"uv": [2, 0, 3, 15.999], "texture": "#rail"},
        "south": {"uv": [2, 0, 3, 16], "texture": "#rail"},
        "west": {"uv": [2, 0, 3, 15.999], "texture": "#rail"},
        "up": {"uv": [3, 1, 4, 1.999], "texture": "#rail"},
        "down": {"uv": [3, 1, 4, 2], "texture": "#rail"}
      }
    },
    {
      "from": [16, -4, 3.5],
      "to": [17, 18, 4.5],
      "rotation": {"angle": 45, "axis": "x", "origin": [17.5, 0.5, 0.5]},
      "faces": {
        "north": {"uv": [2, 0, 3, 16], "texture": "#rail"},
        "east": {"uv": [2, 0, 3, 15.999], "texture": "#rail"},
        "south": {"uv": [13, 0, 14, 16], "texture": "#rail"},
        "west": {"uv": [13, 0, 14, 15.999], "texture": "#rail"},
        "up": {"uv": [3, 1, 4, 2], "texture": "#rail"},
        "down": {"uv": [12, 1, 13, 1.999], "texture": "#rail"}
      }
    },
    {
      "from": [16, -5, 4.5],
      "to": [17, 17, 5.5],
      "rotation": {"angle": 45, "axis": "x", "origin": [17.5, 0.5, 0.5]},
      "faces": {
        "north": {"uv": [0, 0, 1, 16], "texture": "#rail"},
        "east": {"uv": [1, 0, 2, 15.999], "texture": "#rail"},
        "west": {"uv": [0, 0, 1, 15.999], "texture": "#rail"},
        "up": {"uv": [0, 0, 1, 0.999], "texture": "#rail"}
      }
    },
    {
      "from": [17, -1, 5],
      "to": [18, 5, 11],
      "faces": {
        "north": {"uv": [5, 5, 6, 11], "texture": "#rail"},
        "east": {"uv": [5, 5, 11, 11], "texture": "#rail"},
        "south": {"uv": [10, 5, 11, 11], "texture": "#rail"},
        "west": {"uv": [5, 5, 11, 11], "texture": "#rail"},
        "up": {"uv": [5, 5, 6, 11], "texture": "#rail"},
        "down": {"uv": [10, 5, 11, 11], "texture": "#rail"}
      }
    },
    {
      "from": [16, 7.8, 15],
      "to": [17.5, 11.3, 16],
      "faces": {
        "north": {"uv": [3, 1, 4, 2], "texture": "#rail"},
        "east": {"uv": [3, 1, 4, 2], "texture": "#rail"},
        "south": {"uv": [3, 1, 4, 2], "texture": "#rail"},
        "west": {"uv": [3, 1, 4, 2], "texture": "#rail"},
        "up": {"uv": [3, 1, 4, 2], "texture": "#rail"},
        "down": {"uv": [3, 1, 4, 2], "texture": "#rail"}
      }
    },
    {
      "from": [16, -8.2, 0],
      "to": [17.5, -4.7, 1],
      "faces": {
        "north": {"uv": [3, 1, 4, 2], "texture": "#rail"},
        "east": {"uv": [3, 1, 4, 2], "texture": "#rail"},
        "south": {"uv": [3, 1, 4, 2], "texture": "#rail"},
        "west": {"uv": [3, 1, 4, 2], "texture": "#rail"},
        "up": {"uv": [3, 1, 4, 2], "texture": "#rail"},
        "down": {"uv": [3, 1, 4, 2], "texture": "#rail"}
      }
    },
    {
      "from": [5, 7.5, -1],
      "to": [11, 16, 0],
      "rotation": {"angle": 45, "axis": "x", "origin": [0.5, 0.5, 0.5]},
      "faces": {
        "north": {"uv": [5, 5, 11, 11], "texture": "#rail"},
        "east": {"uv": [10, 5, 11, 11], "texture": "#rail"},
        "south": {"uv": [5, 5, 11, 11], "texture": "#rail"},
        "west": {"uv": [5, 5, 6, 11], "texture": "#rail"},
        "up": {"uv": [5, 5, 11, 6], "texture": "#rail"},
        "down": {"uv": [5, 10, 11, 11], "texture": "#rail"}
      }
    },
    {
      "from": [-2, -1, 5],
      "to": [-1, 5, 11],
      "faces": {
        "north": {"uv": [5, 5, 6, 11], "texture": "#rail"},
        "east": {"uv": [5, 5, 11, 11], "texture": "#rail"},
        "south": {"uv": [10, 5, 11, 11], "texture": "#rail"},
        "west": {"uv": [5, 5, 11, 11], "texture": "#rail"},
        "up": {"uv": [5, 5, 6, 11], "texture": "#rail"},
        "down": {"uv": [10, 5, 11, 11], "texture": "#rail"}
      }
    }
  ],
  "groups": [
    {
      "name": "rail",
      "children": [0, 1, 2, 3, 4, 5, 6, 7]
    },
    {
      "name": "sideLine1",
      "children": [8, 9, 10, 11, 12, 13, 14]
    },
    {
      "name": "sideLine2",
      "children": [15, 16, 17, 18]
    }
  ]
}