{
  "textures": {
    "front": "block/dropper_front_triggered",
    "side": "block/dropper_side_triggered",
    "back": "block/dropper_back_triggered",
    "particle": "block/dropper_front_triggered"
  },
  "elements": [
    {
      "from": [0, 0, 0],
      "to": [16, 16, 16],
      "faces": {
        "north": {"uv": [0, 0, 16, 16], "texture": "#front"},
        "east": {"uv": [0, 0, 16, 16], "rotation": 90, "texture": "#side"},
        "south": {"uv": [0, 16, 16, 0], "rotation": 180, "texture": "#back"},
        "west": {"uv": [0, 0, 16, 16], "rotation": 270, "texture": "#side"},
        "up": {"uv": [0, 0, 16, 16], "texture": "#side"},
        "down": {"uv": [0, 0, 16, 16], "rotation": 180, "texture": "#side"}
      }
    }
  ],
  "display": {
    "thirdperson_righthand": {
      "rotation": [75, 45, 0],
      "translation": [0, 2.5, 0],
      "scale": [0.375, 0.375, 0.375]
    },
    "thirdperson_lefthand": {
      "rotation": [75, 45, 0],
      "translation": [0, 2.5, 0],
      "scale": [0.375, 0.375, 0.375]
    },
    "firstperson_righthand": {
      "rotation": [0, 45, 0],
      "scale": [0.4, 0.4, 0.4]
    },
    "firstperson_lefthand": {
      "rotation": [0, 225, 0],
      "scale": [0.4, 0.4, 0.4]
    },
    "ground": {
      "translation": [0, 3, 0],
      "scale": [0.25, 0.25, 0.25]
    },
    "gui": {
      "rotation": [30, 225, 0],
      "scale": [0.625, 0.625, 0.625]
    },
    "fixed": {
      "scale": [0.5, 0.5, 0.5]
    }
  }
}