{
	"ambientocclusion": false,
	"textures": {
			"power": "block/power_off",
			"particle": "block/lever_base",
			"base": "block/lever_base",
			"lever": "block/lever"
	},
	"elements": [
			{
					"from": [5, 0, 4],
					"to": [11, 3, 12],
					"faces": {
							"north": {"uv": [5, 13, 11, 16], "texture": "#base"},
							"east": {"uv": [4, 0, 12, 3], "texture": "#base"},
							"south": {"uv": [5, 13, 11, 16], "texture": "#base"},
							"west": {"uv": [4, 0, 12, 3], "texture": "#base"},
							"up": {"uv": [2, 4, 8, 12], "texture": "#base"},
							"down": {"uv": [8, 4, 14, 12], "texture": "#base", "cullface": "down"}
					}
			},
			{
					"from": [7, 1, 7],
					"to": [9, 11, 9],
					"rotation": {"angle": 45, "axis": "x", "origin": [8, 1, 8]},
					"faces": {
							"north": {"uv": [7, 6, 9, 16], "texture": "#lever"},
							"east": {"uv": [7, 6, 9, 16], "texture": "#lever"},
							"south": {"uv": [7, 6, 9, 16], "texture": "#lever"},
							"west": {"uv": [7, 6, 9, 16], "texture": "#lever"},
							"up": {"uv": [7, 6, 9, 8], "texture": "#lever"}
					}
			},
			{
					"from": [4, 0.1, 3],
					"to": [12, 0.1, 13],
					"faces": {
							"up": {"uv": [0, 0, 8, 10], "texture": "#power"},
							"down": {"uv": [0, 0, 8, 10], "texture": "#power"}
					}
			}
	]
}