{
  "variants": {
    "facing=east,sculk_sensor_phase=inactive": {
      "model": "minecraft:block/calibrated_sculk_sensor_inactive",
      "y": 90
    },
    "facing=east,sculk_sensor_phase=cooldown": {
      "model": "minecraft:block/calibrated_sculk_sensor_inactive",
      "y": 90
    },
    "facing=east,sculk_sensor_phase=active,power=1": {
      "model": "minecraft:block/calibrated_sculk_sensor_active_1",
      "y": 90
    },
    "facing=east,sculk_sensor_phase=active,power=2": {
      "model": "minecraft:block/calibrated_sculk_sensor_active_2",
      "y": 90
    },
    "facing=east,sculk_sensor_phase=active,power=3": {
      "model": "minecraft:block/calibrated_sculk_sensor_active_3",
      "y": 90
    },
    "facing=east,sculk_sensor_phase=active,power=4": {
      "model": "minecraft:block/calibrated_sculk_sensor_active_4",
      "y": 90
    },
    "facing=east,sculk_sensor_phase=active,power=5": {
      "model": "minecraft:block/calibrated_sculk_sensor_active_5",
      "y": 90
    },
    "facing=east,sculk_sensor_phase=active,power=6": {
      "model": "minecraft:block/calibrated_sculk_sensor_active_6",
      "y": 90
    },
    "facing=east,sculk_sensor_phase=active,power=7": {
      "model": "minecraft:block/calibrated_sculk_sensor_active_7",
      "y": 90
    },
    "facing=east,sculk_sensor_phase=active,power=8": {
      "model": "minecraft:block/calibrated_sculk_sensor_active_8",
      "y": 90
    },
    "facing=east,sculk_sensor_phase=active,power=9": {
      "model": "minecraft:block/calibrated_sculk_sensor_active_9",
      "y": 90
    },
    "facing=east,sculk_sensor_phase=active,power=10": {
      "model": "minecraft:block/calibrated_sculk_sensor_active_10",
      "y": 90
    },
    "facing=east,sculk_sensor_phase=active,power=11": {
      "model": "minecraft:block/calibrated_sculk_sensor_active_11",
      "y": 90
    },
    "facing=east,sculk_sensor_phase=active,power=12": {
      "model": "minecraft:block/calibrated_sculk_sensor_active_12",
      "y": 90
    },
    "facing=east,sculk_sensor_phase=active,power=13": {
      "model": "minecraft:block/calibrated_sculk_sensor_active_13",
      "y": 90
    },
    "facing=east,sculk_sensor_phase=active,power=14": {
      "model": "minecraft:block/calibrated_sculk_sensor_active_14",
      "y": 90
    },
    "facing=east,sculk_sensor_phase=active,power=15": {
      "model": "minecraft:block/calibrated_sculk_sensor_active_15",
      "y": 90
    },
    "facing=north,sculk_sensor_phase=inactive": {
      "model": "minecraft:block/calibrated_sculk_sensor_inactive"
    },
    "facing=north,sculk_sensor_phase=cooldown": {
      "model": "minecraft:block/calibrated_sculk_sensor_inactive"
    },
    "facing=north,sculk_sensor_phase=active,power=1": {
      "model": "minecraft:block/calibrated_sculk_sensor_active_1"
    },
    "facing=north,sculk_sensor_phase=active,power=2": {
      "model": "minecraft:block/calibrated_sculk_sensor_active_2"
    },
    "facing=north,sculk_sensor_phase=active,power=3": {
      "model": "minecraft:block/calibrated_sculk_sensor_active_3"
    },
    "facing=north,sculk_sensor_phase=active,power=4": {
      "model": "minecraft:block/calibrated_sculk_sensor_active_4"
    },
    "facing=north,sculk_sensor_phase=active,power=5": {
      "model": "minecraft:block/calibrated_sculk_sensor_active_5"
    },
    "facing=north,sculk_sensor_phase=active,power=6": {
      "model": "minecraft:block/calibrated_sculk_sensor_active_6"
    },
    "facing=north,sculk_sensor_phase=active,power=7": {
      "model": "minecraft:block/calibrated_sculk_sensor_active_7"
    },
    "facing=north,sculk_sensor_phase=active,power=8": {
      "model": "minecraft:block/calibrated_sculk_sensor_active_8"
    },
    "facing=north,sculk_sensor_phase=active,power=9": {
      "model": "minecraft:block/calibrated_sculk_sensor_active_9"
    },
    "facing=north,sculk_sensor_phase=active,power=10": {
      "model": "minecraft:block/calibrated_sculk_sensor_active_10"
    },
    "facing=north,sculk_sensor_phase=active,power=11": {
      "model": "minecraft:block/calibrated_sculk_sensor_active_11"
    },
    "facing=north,sculk_sensor_phase=active,power=12": {
      "model": "minecraft:block/calibrated_sculk_sensor_active_12"
    },
    "facing=north,sculk_sensor_phase=active,power=13": {
      "model": "minecraft:block/calibrated_sculk_sensor_active_13"
    },
    "facing=north,sculk_sensor_phase=active,power=14": {
      "model": "minecraft:block/calibrated_sculk_sensor_active_14"
    },
    "facing=north,sculk_sensor_phase=active,power=15": {
      "model": "minecraft:block/calibrated_sculk_sensor_active_15"
    },
    "facing=south,sculk_sensor_phase=inactive": {
      "model": "minecraft:block/calibrated_sculk_sensor_inactive",
      "y": 180
    },
    "facing=south,sculk_sensor_phase=cooldown": {
      "model": "minecraft:block/calibrated_sculk_sensor_inactive",
      "y": 180
    },
    "facing=south,sculk_sensor_phase=active,power=1": {
      "model": "minecraft:block/calibrated_sculk_sensor_active_1",
      "y": 180
    },
    "facing=south,sculk_sensor_phase=active,power=2": {
      "model": "minecraft:block/calibrated_sculk_sensor_active_2",
      "y": 180
    },
    "facing=south,sculk_sensor_phase=active,power=3": {
      "model": "minecraft:block/calibrated_sculk_sensor_active_3",
      "y": 180
    },
    "facing=south,sculk_sensor_phase=active,power=4": {
      "model": "minecraft:block/calibrated_sculk_sensor_active_4",
      "y": 180
    },
    "facing=south,sculk_sensor_phase=active,power=5": {
      "model": "minecraft:block/calibrated_sculk_sensor_active_5",
      "y": 180
    },
    "facing=south,sculk_sensor_phase=active,power=6": {
      "model": "minecraft:block/calibrated_sculk_sensor_active_6",
      "y": 180
    },
    "facing=south,sculk_sensor_phase=active,power=7": {
      "model": "minecraft:block/calibrated_sculk_sensor_active_7",
      "y": 180
    },
    "facing=south,sculk_sensor_phase=active,power=8": {
      "model": "minecraft:block/calibrated_sculk_sensor_active_8",
      "y": 180
    },
    "facing=south,sculk_sensor_phase=active,power=9": {
      "model": "minecraft:block/calibrated_sculk_sensor_active_9",
      "y": 180
    },
    "facing=south,sculk_sensor_phase=active,power=10": {
      "model": "minecraft:block/calibrated_sculk_sensor_active_10",
      "y": 180
    },
    "facing=south,sculk_sensor_phase=active,power=11": {
      "model": "minecraft:block/calibrated_sculk_sensor_active_11",
      "y": 180
    },
    "facing=south,sculk_sensor_phase=active,power=12": {
      "model": "minecraft:block/calibrated_sculk_sensor_active_12",
      "y": 180
    },
    "facing=south,sculk_sensor_phase=active,power=13": {
      "model": "minecraft:block/calibrated_sculk_sensor_active_13",
      "y": 180
    },
    "facing=south,sculk_sensor_phase=active,power=14": {
      "model": "minecraft:block/calibrated_sculk_sensor_active_14",
      "y": 180
    },
    "facing=south,sculk_sensor_phase=active,power=15": {
      "model": "minecraft:block/calibrated_sculk_sensor_active_15",
      "y": 180
    },
    "facing=west,sculk_sensor_phase=inactive": {
      "model": "minecraft:block/calibrated_sculk_sensor_inactive",
      "y": 270
    },
    "facing=west,sculk_sensor_phase=cooldown": {
      "model": "minecraft:block/calibrated_sculk_sensor_inactive",
      "y": 270
    },
    "facing=west,sculk_sensor_phase=active,power=1": {
      "model": "minecraft:block/calibrated_sculk_sensor_active_1",
      "y": 270
    },
    "facing=west,sculk_sensor_phase=active,power=2": {
      "model": "minecraft:block/calibrated_sculk_sensor_active_2",
      "y": 270
    },
    "facing=west,sculk_sensor_phase=active,power=3": {
      "model": "minecraft:block/calibrated_sculk_sensor_active_3",
      "y": 270
    },
    "facing=west,sculk_sensor_phase=active,power=4": {
      "model": "minecraft:block/calibrated_sculk_sensor_active_4",
      "y": 270
    },
    "facing=west,sculk_sensor_phase=active,power=5": {
      "model": "minecraft:block/calibrated_sculk_sensor_active_5",
      "y": 270
    },
    "facing=west,sculk_sensor_phase=active,power=6": {
      "model": "minecraft:block/calibrated_sculk_sensor_active_6",
      "y": 270
    },
    "facing=west,sculk_sensor_phase=active,power=7": {
      "model": "minecraft:block/calibrated_sculk_sensor_active_7",
      "y": 270
    },
    "facing=west,sculk_sensor_phase=active,power=8": {
      "model": "minecraft:block/calibrated_sculk_sensor_active_8",
      "y": 270
    },
    "facing=west,sculk_sensor_phase=active,power=9": {
      "model": "minecraft:block/calibrated_sculk_sensor_active_9",
      "y": 270
    },
    "facing=west,sculk_sensor_phase=active,power=10": {
      "model": "minecraft:block/calibrated_sculk_sensor_active_10",
      "y": 270
    },
    "facing=west,sculk_sensor_phase=active,power=11": {
      "model": "minecraft:block/calibrated_sculk_sensor_active_11",
      "y": 270
    },
    "facing=west,sculk_sensor_phase=active,power=12": {
      "model": "minecraft:block/calibrated_sculk_sensor_active_12",
      "y": 270
    },
    "facing=west,sculk_sensor_phase=active,power=13": {
      "model": "minecraft:block/calibrated_sculk_sensor_active_13",
      "y": 270
    },
    "facing=west,sculk_sensor_phase=active,power=14": {
      "model": "minecraft:block/calibrated_sculk_sensor_active_14",
      "y": 270
    },
    "facing=west,sculk_sensor_phase=active,power=15": {
      "model": "minecraft:block/calibrated_sculk_sensor_active_15",
      "y": 270
    }
  }
}