{
  "variants": {
    "facing=east,half=bottom,powered=false,open=false": {
      "model": "minecraft:block/dark_oak_trapdoor_bottom",
      "y": 90
    },
    "facing=east,half=bottom,powered=false,open=true": {
      "model": "minecraft:block/dark_oak_trapdoor_open",
      "y": 90
    },
    "facing=east,half=top,powered=false,open=false": {
      "model": "minecraft:block/dark_oak_trapdoor_top",
      "y": 90
    },
    "facing=east,half=top,powered=false,open=true": {
      "model": "minecraft:block/dark_oak_trapdoor_open",
      "x": 180,
      "y": 270
    },
    "facing=north,half=bottom,powered=false,open=false": {
      "model": "minecraft:block/dark_oak_trapdoor_bottom"
    },
    "facing=north,half=bottom,powered=false,open=true": {
      "model": "minecraft:block/dark_oak_trapdoor_open"
    },
    "facing=north,half=top,powered=false,open=false": {
      "model": "minecraft:block/dark_oak_trapdoor_top"
    },
    "facing=north,half=top,powered=false,open=true": {
      "model": "minecraft:block/dark_oak_trapdoor_open",
      "x": 180,
      "y": 180
    },
    "facing=south,half=bottom,powered=false,open=false": {
      "model": "minecraft:block/dark_oak_trapdoor_bottom",
      "y": 180
    },
    "facing=south,half=bottom,powered=false,open=true": {
      "model": "minecraft:block/dark_oak_trapdoor_open",
      "y": 180
    },
    "facing=south,half=top,powered=false,open=false": {
      "model": "minecraft:block/dark_oak_trapdoor_top",
      "y": 180
    },
    "facing=south,half=top,powered=false,open=true": {
      "model": "minecraft:block/dark_oak_trapdoor_open",
      "x": 180,
      "y": 0
    },
    "facing=west,half=bottom,powered=false,open=false": {
      "model": "minecraft:block/dark_oak_trapdoor_bottom",
      "y": 270
    },
    "facing=west,half=bottom,powered=false,open=true": {
      "model": "minecraft:block/dark_oak_trapdoor_open",
      "y": 270
    },
    "facing=west,half=top,powered=false,open=false": {
      "model": "minecraft:block/dark_oak_trapdoor_top",
      "y": 270
    },
    "facing=west,half=top,powered=false,open=true": {
      "model": "minecraft:block/dark_oak_trapdoor_open",
      "x": 180,
      "y": 90
    },
    "facing=east,half=bottom,powered=true,open=false": {
      "model": "minecraft:block/dark_oak_trapdoor_on_bottom",
      "y": 90
    },
    "facing=east,half=bottom,powered=true,open=true": {
      "model": "minecraft:block/dark_oak_trapdoor_on_open",
      "y": 90
    },
    "facing=east,half=top,powered=true,open=false": {
      "model": "minecraft:block/dark_oak_trapdoor_on_top",
      "y": 90
    },
    "facing=east,half=top,powered=true,open=true": {
      "model": "minecraft:block/dark_oak_trapdoor_on_open",
      "x": 180,
      "y": 270
    },
    "facing=north,half=bottom,powered=true,open=false": {
      "model": "minecraft:block/dark_oak_trapdoor_on_bottom"
    },
    "facing=north,half=bottom,powered=true,open=true": {
      "model": "minecraft:block/dark_oak_trapdoor_on_open"
    },
    "facing=north,half=top,powered=true,open=false": {
      "model": "minecraft:block/dark_oak_trapdoor_on_top"
    },
    "facing=north,half=top,powered=true,open=true": {
      "model": "minecraft:block/dark_oak_trapdoor_on_open",
      "x": 180,
      "y": 180
    },
    "facing=south,half=bottom,powered=true,open=false": {
      "model": "minecraft:block/dark_oak_trapdoor_on_bottom",
      "y": 180
    },
    "facing=south,half=bottom,powered=true,open=true": {
      "model": "minecraft:block/dark_oak_trapdoor_on_open",
      "y": 180
    },
    "facing=south,half=top,powered=true,open=false": {
      "model": "minecraft:block/dark_oak_trapdoor_on_top",
      "y": 180
    },
    "facing=south,half=top,powered=true,open=true": {
      "model": "minecraft:block/dark_oak_trapdoor_on_open",
      "x": 180,
      "y": 0
    },
    "facing=west,half=bottom,powered=true,open=false": {
      "model": "minecraft:block/dark_oak_trapdoor_on_bottom",
      "y": 270
    },
    "facing=west,half=bottom,powered=true,open=true": {
      "model": "minecraft:block/dark_oak_trapdoor_on_open",
      "y": 270
    },
    "facing=west,half=top,powered=true,open=false": {
      "model": "minecraft:block/dark_oak_trapdoor_on_top",
      "y": 270
    },
    "facing=west,half=top,powered=true,open=true": {
      "model": "minecraft:block/dark_oak_trapdoor_on_open",
      "x": 180,
      "y": 90
    }
  }
}