{
  "ambientocclusion": false,
  "textures": {
    "level_1": "block/redstone_dust_level_1",
    "level_2": "block/redstone_dust_level_3"
  },
  "elements": [
    {
      "from": [4, 1.2, 6],
      "to": [7, 1.2, 10],
      "faces": {
        "up": {"uv": [0, 0, 16, 16], "texture": "#level_1"}
      }
    },
    {
      "from": [7.1, 1.2, 6],
      "to": [10.1, 1.2, 10],
      "faces": {
        "up": {"uv": [0, 16, 16, 0], "texture": "#level_2"}
      }
    },
    {
      "from": [9.1, -0.2, 6],
      "to": [12.1, -0.2, 10],
      "faces": {
        "down": {"uv": [16, 16, 0, 0], "texture": "#level_1"}
      }
    },
    {
      "from": [6, -0.2, 6],
      "to": [9, -0.2, 10],
      "faces": {
        "down": {"uv": [16, 16, 0, 0], "texture": "#level_2"}
      }
    }
  ]
}