{
	"ambientocclusion": false,
	"textures": {
		"particle": "block/redstone_dust_overlay",
		"line": "block/redstone_dust_line",
		"overlay": "block/redstone_dust_overlay"
	},
	"elements": [
		{
			"from": [6, 0, 0],
			"to": [10, 1, 8],
			"shade": false,
			"faces": {
				"north": {"uv": [12, 15, 16, 16], "texture": "#line", "tintindex": 0},
				"east": {"uv": [0, 0, 8, 1], "texture": "#line", "tintindex": 0},
				"south": {"uv": [12, 8, 16, 9], "texture": "#line", "tintindex": 0},
				"west": {"uv": [0, 3, 8, 4], "texture": "#line", "tintindex": 0},
				"up": {"uv": [12, 8, 16, 16], "texture": "#line", "tintindex": 0},
				"down": {"uv": [12, 8, 16, 16], "texture": "#line", "tintindex": 0}
			}
		},
		{
			"from": [6, 0, 0],
			"to": [10, 1, 8],
			"shade": false,
			"faces": {
				"north": {"uv": [12, 15, 16, 16], "texture": "#overlay"},
				"east": {"uv": [0, 0, 8, 1], "texture": "#overlay"},
				"south": {"uv": [12, 8, 16, 9], "texture": "#overlay"},
				"west": {"uv": [0, 3, 8, 4], "texture": "#overlay"},
				"up": {"uv": [12, 8, 16, 16], "texture": "#overlay"},
				"down": {"uv": [12, 8, 16, 16], "texture": "#overlay"}
			}
		}
	]
}