{
  "ambientocclusion": false,
  "textures": {
    "particle": "block/redstone_dust_dot",
    "line": "block/redstone_dust_dot",
    "overlay": "block/redstone_dust_overlay"
  },
  "elements": [
    {
      "from": [5, -0.1, 5],
      "to": [11, 1.1, 11],
      "shade": false,
      "faces": {
        "north": {"uv": [5, 10, 11, 11], "texture": "#line", "tintindex": 0},
        "east": {"uv": [5, 10, 11, 11], "texture": "#line", "tintindex": 0},
        "south": {"uv": [5, 10, 11, 11], "texture": "#line", "tintindex": 0},
        "west": {"uv": [5, 10, 11, 11], "texture": "#line", "tintindex": 0},
        "up": {"uv": [5, 5, 11, 11], "texture": "#line", "tintindex": 0},
        "down": {"uv": [5, 5, 11, 11], "texture": "#line", "tintindex": 0}
      }
    },
    {
      "from": [5, -0.1, 5],
      "to": [11, 1.1, 11],
      "shade": false,
      "faces": {
        "north": {"uv": [5, 10, 11, 11], "texture": "#overlay", "tintindex": 0},
        "east": {"uv": [5, 10, 11, 11], "texture": "#overlay", "tintindex": 0},
        "south": {"uv": [5, 10, 11, 11], "texture": "#overlay", "tintindex": 0},
        "west": {"uv": [5, 10, 11, 11], "texture": "#overlay", "tintindex": 0},
        "up": {"uv": [5, 5, 11, 11], "texture": "#overlay", "tintindex": 0},
        "down": {"uv": [5, 5, 11, 11], "texture": "#overlay", "tintindex": 0}
      }
    }
  ]
}